post_state_full_name,post_state,post_city,section_two_heading,section_three_heading,section_three_content,section_three_image,section_four_heading,section_four_left_heading,section_four_right_heading,section_four_left_content,section_four_right_content,section_five_heading,section_five_image,section_five_content_below_image,section_five_content_next_to_image,section_six_image,section_six_heading,section_six_content,section_seven_heading,section_seven_content,section_eight_heading,section_eight_content,section_nine_heading,section_nine_content,section_ten_heading,section_ten_content,home_for_sale_title,home_for_sale_image,home_for_sale_number,home_for_sale_content,average_day_on_market_title,average_day_on_market_image,average_day_on_market_number,average_day_on_market_content,average_number_of_homes_title,average_number_of_homes_image,average_number_of_homes_number,average_number_of_homes_content,average_home_sale_price_title,average_home_sale_price_image,average_home_sale_price_number,average_home_sale_price_content,city_market_title,city_market_content,city_market_references,we_buy_title,we_buy_content,sell_my_house_title,sell_my_house_content
Arizona,AZ,{{_post_city}},"Sell your House Without Delay. We operate an Ethical, Honest and Transparent Process.","We Buy Houses Across {{_post_city}}, {{_post_state}} and in All Parts of {{_post_state}}. No Matter the Price Range. You can Receive a No-Obligation, <strong>Cash Offer</strong> from us for your Home Today.","You can avoid the burden of having an unwanted property by letting us buy your house today. We buy houses across {{_post_city}} irrespective of the condition of the house or your situation. Whether you are dealing with divorce, probate on a inherited property, foreclosure, a problematic rental property, or any other problem with your {{_post_city}} property, we can help you out. The thought of selling your house can be intimidating because of the time you will need to invest in the process. Like you, many other homeowners do not have the time to get their house ready to sell on the real estate market.

We specialize in making the process simple for you whether your house is occupied by tenants, requires extensive repairs, or if you need some time before you are ready to move after you sell your house. We will buy your house directly from you and give you as much time as you need to move unlike most buyers who are not flexible and have a particular move-in date.situation. Whether you are dealing with divorce, probate on a inherited property, foreclosure, a problematic rental property, or any other problem with your {{_post_city}} property, we can help you out. The thought of selling your house can be intimidating because of the time you will need to invest in the process. Like you, many other homeowners do not have the time to get their house ready to sell on the real estate market.

We specialize in making the process simple for you whether your house is occupied by tenants, requires extensive repairs, or if you need some time before you are ready to move after you sell your house. We will buy your house directly from you and give you as much time as you need to move unlike most buyers who are not flexible and have a particular move-in date.",http://localhost/bombpad/wp-content/uploads/2020/12/state-pages-main-img-1024x679-16.jpg,"With so many homes for sale in {{_post_city}}, your home could sit for a while",It is important to consider these factors when planning to sell your home.,Your satisfaction from our services is of great importance to us.,"<ul>
  <li>How much time do you have? Do you need to sell your home urgently?</li>
  <li>Are you relocating due to a job transfer or new job?</li>
  <li>Are you moving due to your financial situation, medical condition, or is it school-related?</li>
</ul>","<ul>
  <li>With our company you will never suffer from hidden fees or real estate commissions.</li>
  <li>We can close on your house quickly, sometimes within 7 days.</li>
  <li>You are not required to do any repairs or clean ups whatsoever.</li>
  <li>We are able to offer you the best price and surpass any offer you already have.</li>
  <li>Call us anytime at†(844) 924-6950</li>
</ul>","You dont have to List your Home; We are Ready to Buy your Home in {{_post_city}}, {{_post_state}}, Quickly.",https://secureservercdn.net/166.62.112.219/t1x.a54.myftpupload.com/wp-content/uploads/2020/09/state-pages-main-img-1024x679.jpg,"Unlike real estate agents, our focus is not to list your home. Instead, we are expert home buyers looking to buy homes like yours in Arizona. We buy all kinds of homes in all parts of Arizona no matter the price range. We would like to buy your home whether it is in perfect condition, in bad shape, ugly or whether you own a single-family home, multi-family home, or a condo.

If you are flexible on price terms and your home meets the requirements, we will make you a quick and fair offer for your home in {{_post_city}} within one hour of your initial call and reason for selling your house discussion.","Selling your house with an agent usually has many pitfalls. You will have to keep the place clean at all times and invest money in home repairs to ensure it sells for a good price. There is also the problem of finding a reliable agent who can deliver on the promise to sell your house fast , not to mention the piles of complicated paperwork and processes it involves. Instead of risking uncertainty in the hopes of selling your house for a slightly higher price, you can be certain of exactly how much you will get for your house when you sell to us. With us, you do not have to worry about listing your house, paying agent commissions, long waiting periods, or repair costs. You do not even have to go through the trouble of cleaning your house or multiple showings before selling it.

Simply fill out the Confidential Online Seller form above to discover if your home in {{_post_city}}, Arizona meets the requirements of our Home Purchase Program. Kindly provide us with all the relevant information about your {{_post_city}}, Arizona home as well as your reason for selling your home and we will contact you fast with information on whether your house qualifies. After this, we will make arrangements to come over and inspect your property then make an offer to buy it on the spot.",https://secureservercdn.net/166.62.112.219/t1x.a54.myftpupload.com/wp-content/uploads/2020/09/new-400x200.jpg,At what point should I start considering selling my house to We Buy Homes Near You?,"We Buy Homes Near You is highly recommended for homeowners who need cash for their houses like yesterday. The reasons for this type of urgency vary from case to case, but the most popular reasons include unbearable maintenance costs, overwhelming bills, life emergencies, and issues relating to inherited family homes. Whatever the case, we are more than happy to bail you out.

We Buy Homes Near You is highly recommended for homeowners who need cash for their houses like yesterday. The reasons for this type of urgency vary from case to case, but the most popular reasons include unbearable maintenance costs, overwhelming bills, life emergencies, and issues relating to inherited family homes. Whatever the case, we are more than happy to bail you out.

From that very moment the thought of selling your house comes to mind, contact We Buy Homes Near You right away at 844-924-6950. We buy houses fast!popular reasons include unbearable maintenance costs, overwhelming bills, life emergencies, and issues relating to inherited family homes. Whatever the case, we are more than happy to bail you out.

From that very moment the thought of selling your house comes to mind, contact We Buy Homes Near You right away at 844-924-6950. We buy houses fast!",Reasons You Might Need to Sell Your House Fast in {{_post_city}},"Selling a home can be a huge challenge and take way too much time. Its often considered one of the more stressful things you will ever do in your life. Now imagine having to†sell your house fast!†You may be in this exact situation right now, wondering what your options are. Youre in luckWe Buy Homes Near You is a national home buyer and we buy homes from individuals in {{_post_city}} for many of the reasons listed below:
<ul type=disc>
  <li>You may have been†<a href=http://localhost/bombpad/relocation-property-solution/>offered a†new job (congrats!) but now you need to move quickly</a></li>
  <li>You may be†<a href=http://localhost/bombpad/foreclosure-property-solution/>experiencing financial hardship</a></li>
  <li>You may be going through†an unexpected life upheaval</li>
  <li>You may have received†<a href=http://localhost/bombpad/inherited-property-solution/>an unwanted inheritance home†</a>due to the death of a family member</li>
  <li>You may be†<a href=http://localhost/bombpad/divorce-property-solution/>going through a divorce</a></li>
  <li>You may be a landlord, and†<a href=http://localhost/bombpad/tired-landlord-property-solution/>youre ready to sell your unwanted property or burdensome rental property†</a></li>
  <li>You may be†<a href=http://localhost/bombpad/foreclosure-property-solution/>facing foreclosure</a></li>
  <li>Your house may have†fire or water damage</li>
  <li>You may need to†<a href=https://www.homego.com/blog/risks-of-holding-vacant-house/>get rid of a vacant house</a>†you dont want to worry about</li>
</ul>
And the list goes on. If any of the situations sound familiar, you are in the right place and We Buy Homes Near You may be one of the best ways to sell your house fast in {{_post_city}}. Our local agents have helped thousands of individuals in {{_post_city}} and surrounding areas, like yourself, sell their house fast for cash and move forward with the fresh start they deserve.",Why Isnt My House Selling in {{_post_city}}?,"There were†<a href=https://www.nar.realtor/research-and-statistics/quick-real-estate-statistics>more than five million homes sold in the United States in 2018</a>, so why isnt your house selling? There are many reasons a house may not sell, but a few of the most common include:
<ul type=circle>
  <li><strong>It may be overpriced for the {{_post_city}} market</strong></li>
  <li><strong><a>†</a><a>It needs repairs or updates</a></strong></li>
  <li><strong>It has little to no curb appeal</strong></li>
  <li><strong>Its location is unappealing: busy street,†neighborhood issues</strong></li>
  <li><strong>It has too much competition: too many ÄúbetterÄù homes for sale</strong></li>
  <li><strong>It may not be the best time to sell a house in {{_post_city}}</strong></li>
</ul>
Its a tough market out there especially when you need to sell a house fast for a fair price. Buyers can be deluded by the ÄúperfectÄù homes they see for sale on popular home improvement shows. They want move-in ready, and staged to cater to their ideal of beauty. But this is the real world and not all homes for sale look like what we see on TV. Were real people like you, and we buy housesjust like yours.

It may be overpriced for the {{_post_city}} market
 It needs repairs or updates
It has little to no curb appeal
Its location is unappealing: busy street, neighborhood issues
It has too much competition: too many ?better? homes for sale
It may not be the best time to sell a house in {{_post_city}}
It?s a tough market out there especially when you need to sell a house fast for a fair price. Buyers can be deluded by the ?perfect? homes they see for sale on popular home improvement shows. They want move-in ready, and staged to cater to their ideal of beauty. But this is the real world and not all homes for sale look like what we see on TV. We?re real people like you, and we buy houses?just like yours.",But What About Fees and Extra Costs?,"When you sell your house to We Buy Homes Near You, we are committed to helping you understand our process. Were not going to throw a bunch of numbers at you, change those numbers several times, and then expect you to pay dozens of hidden costs. Forget the stress that accompanies the traditional way of selling your house.

We buy houses quickly and professionally and, since we are industry professionals, you can come to the table knowing that when we make an offer, even on the very first day, we wont lower the price. Sell your house to We Buy Homes Near You and you pay ZERO commission charges and ZERO closing costs Äì even choose a closing date that works for you.",So How DO I Sell My House Fast to We Buy Homes Near You?,"Take advantage of one of the best real estate solutions available today. To sell your house in {{_post_city}} fast, there are 3 easy steps.

Schedule an in-home appointment with one of our local agents.

We make an offer.

We buy your house in {{_post_city}} with cash.

Its that easy! This method of selling your home is much less stressful and requires much fewer steps than the traditional process. You can do this. We buy houses in any condition and were ready to learn about your unique situation.

Isnt it time to talk to a We Buy Homes Near You investor today? Fill out the form today and get one step closer to selling your home within as little as 7 days!",Number of homes for sale in {{_post_city}},http://localhost/bombpad/wp-content/uploads/2020/10/Syo48HaWL6j13XtpoHAv7ZbksLqwZS6s-600x246.jpeg,"6,107","With so much competition in {{_post_city}}, getting your home to stand out often means investing in costly improvements, repairs and staging. The most current and desirable homes in {{_post_city}} go fast while dated homes may take months, and several price cuts, to sell. If youre in hurry and do not want to spend thousands of dollars, We Buy Homes Near You is your best option.",Average days on market in {{_post_city}},https://cdn2.vectorstock.com/i/1000x1000/16/21/babysitters-with-kids-flat-composition-vector-17441621.jpg,100,"Every month your home sits on the market, it loses buyer appeal which results in price cuts. Not to mention, you continue to pay your mortgage, insurance and property tax while you wait. Before you know it, you could be down $5,000 Äì $10,000 from what you originally hoped to walk away with. With We Buy Homes Near You, your home sells on day 1, so you never lose a penny.",Average number of homes in {{_post_city}} with price cuts,https://www.creativelearning.com.sg/wp-content/uploads/2019/05/25042019195924-0001-690x976.jpg,15%,"The more houses for sale in {{_post_city}}, the longer yours may to take to sell. But youre not the only one who worries about a long sale. Listing agents dont want to wait months to be paid, so advising homeowners to lower the price in hopes that it will sell faster is in their best interest. Not yours. With We Buy Homes Near You, our same day offers are firm and never change.",Average home sale price cut in {{_post_city}},https://www.englishdaily626.com/english_compositions/image/A-Meal-at-a.gif,"$47,600 ","To a listing agent, a $47,600 price cut only amounts to a $2,856 commission loss, so its no big deal for them to lower your sale price. But for you, that $47,600 that comes right off of your bottom line. And often, you dont realize how much youre losing until you receive your check at closing. With We Buy Homes Near You, you know exactly how much you will walk away because the offer we make is the amount you receive.",Discover All You Need To Know About The {{_post_city}} Market,"{{_post_city}}, Arizona features a growing economy and an impressive 300 days of sunshine. This established, yet growing city has enjoyed unparalleled growth in the past year. In fact, recent data trends show that the number of days spent on market has consistently dropped throughout 2019 to reach a new year low of 56 days. As the number of days spent on the market has continued to drop, the value of prices has increased. In fact, home values have increased by 4.6 percent in the past year, and are predicted to continue to have steady growth in 2020.

Unfortunately, the growing housing market has not been good news for all homeowners. In 2019 an estimated 7.4 percent of {{_post_city}} homeowners are underwater on their mortgage, while .6 percent suffer from delinquent mortgages. The good news is that if homeowners can wait until August to list their home and November to sell it, then they can enjoy a 3.96 percent increase over yearly averages.","<p>References:</p>
<p><a>&nbsp;</a><a href=https://www.zillow.com/scottsdale-az/>https://www.zillow.com/scottsdale-az/</a></p>
<p><a>&nbsp;</a><a href=https://www.movoto.com/scottsdale-az/market-trends/>https://www.movoto.com/scottsdale-az/market-trends/</a></p>
<p><a>&nbsp;</a><a href=https://www.trulia.com/az/scottsdale/>https://www.trulia.com/az/scottsdale/</a></p>
<p>Redfin</p>",We Buy Houses in Arizona Ä¶,"<ul type=disc>
<li>With a current population of 6,828,065 and growing, its the perfect time to sell your house in&nbsp;Arizona.</li>
<li>Since the beginning of time in 1912, folks have been selling their homes in Arizona</li>
<li>Lawmakers in {{_post_city}}, the capital of Arizona, are always coming up with new laws in congress in order to save you money when selling your home.</li>
<li>Since 1889, {{_post_city}} the capital of Arizona, people have been selling their homes.</li>
<li>Can you believe Arizona is 474900 square miles? Houses for sale galore!</li>
<li>The first step in selling a house is a Purchase Agreement between the Buyer &amp; the Seller. Each state has an Official&nbsp;residential purchase agreement. In order to find the official document for use, visit the Arizona realtor board page.</li>
<li>Fun Fact: {{_post_city}} is the most populated state capital and the only one with over 1 million residents!</li>
<li>Visit the Arizona by following the link,&nbsp;<a href=https://az.gov/>Arizona</a>.</li>
<li>Check out the State Page of&nbsp;<a href=https://www.census.gov/quickfacts/fact/table/az,US/PST045217>Arizona</a>&nbsp;for additional demographic information for Arizona.</li>
</ul>","Sell My House Fast in {{_post_city}}, Arizona","<ul type=disc>
<li>The city of {{_post_city}} is considered to part of Maricopa county.</li>
<li>Visit the {{_post_city}} by following the link,&nbsp;<a href=https://www.{{_post_city}}.gov/>{{_post_city}}</a>.</li>
<li>Check out the City Page of&nbsp;<a href=http://www.city-data.com/city/{{_post_city}}-Arizona.html>{{_post_city}}</a>&nbsp;for additional demographic information for {{_post_city}}.</li>
<li>{{_post_city}} is associated with these zip codes: 85008, 85009, 85003, 85006, 85007, 85004, 85083, 85086, 85087, 85085, 85383, 85304, 85306, 85308, 85020, 85021, 85022, 85023, 85024, 85027, 85028, 85029, 85353, 85013, 85015, 85014, 85254, 85044, 85045, 85042, 85043, 85040, 85041, 85048, 85054, 85037, 85035, 85034, 85033, 85032, 85031, 85019, 85018, 85012, 85017, 85016, 85307, 85310, 85051, 85050, 85053, 85001, 85002, 85005, 85010, 85011, 85025, 85026, 85030, 85036, 85038, 85046, 85060, 85061, 85062, 85063, 85064, 85065, 85066, 85067, 85068, 85069, 85070, 85071, 85072, 85073, 85074, 85075, 85076, 85078, 85079, 85080, 85082, 85098</li>
<li>The coordinates for {{_post_city}} are: 33.5722 latitude and -112.0891 longitude.</li>
<li>We buy in Maricopa, in cities like&nbsp;Avondale,&nbsp;Buckeye,&nbsp;Chandler&nbsp;and their surrounding areas.</li>
</ul>"
Arizona,AA,Pima,"Sell your House Without Delay. We operate an Ethical, Honest and Transparent Process.","We Buy Houses Across {{_post_city}}, {{_post_state}} and in All Parts of {{_post_state}}. No Matter the Price Range. You can Receive a No-Obligation, <strong>Cash Offer</strong> from us for your Home Today.","You can avoid the burden of having an unwanted property by letting us buy your house today. We buy houses across {{_post_city}} irrespective of the condition of the house or your situation. Whether you are dealing with divorce, probate on a inherited property, foreclosure, a problematic rental property, or any other problem with your {{_post_city}} property, we can help you out. The thought of selling your house can be intimidating because of the time you will need to invest in the process. Like you, many other homeowners do not have the time to get their house ready to sell on the real estate market.

We specialize in making the process simple for you whether your house is occupied by tenants, requires extensive repairs, or if you need some time before you are ready to move after you sell your house. We will buy your house directly from you and give you as much time as you need to move unlike most buyers who are not flexible and have a particular move-in date.situation. Whether you are dealing with divorce, probate on a inherited property, foreclosure, a problematic rental property, or any other problem with your {{_post_city}} property, we can help you out. The thought of selling your house can be intimidating because of the time you will need to invest in the process. Like you, many other homeowners do not have the time to get their house ready to sell on the real estate market.

We specialize in making the process simple for you whether your house is occupied by tenants, requires extensive repairs, or if you need some time before you are ready to move after you sell your house. We will buy your house directly from you and give you as much time as you need to move unlike most buyers who are not flexible and have a particular move-in date.",http://localhost/bombpad/wp-content/uploads/2020/12/state-pages-main-img-1024x679-16.jpg,"With so many homes for sale in {{_post_city}}, your home could sit for a while",It is important to consider these factors when planning to sell your home.,Your satisfaction from our services is of great importance to us.,"<ul>
  <li>How much time do you have? Do you need to sell your home urgently?</li>
  <li>Are you relocating due to a job transfer or new job?</li>
  <li>Are you moving due to your financial situation, medical condition, or is it school-related?</li>
</ul>","<ul>
  <li>With our company you will never suffer from hidden fees or real estate commissions.</li>
  <li>We can close on your house quickly, sometimes within 7 days.</li>
  <li>You are not required to do any repairs or clean ups whatsoever.</li>
  <li>We are able to offer you the best price and surpass any offer you already have.</li>
  <li>Call us anytime at†(844) 924-6950</li>
</ul>","You dont have to List your Home; We are Ready to Buy your Home in {{_post_city}}, {{_post_state}}, Quickly.",https://secureservercdn.net/166.62.112.219/t1x.a54.myftpupload.com/wp-content/uploads/2020/09/state-pages-main-img-1024x679.jpg,"Unlike real estate agents, our focus is not to list your home. Instead, we are expert home buyers looking to buy homes like yours in Arizona. We buy all kinds of homes in all parts of Arizona no matter the price range. We would like to buy your home whether it is in perfect condition, in bad shape, ugly or whether you own a single-family home, multi-family home, or a condo.

If you are flexible on price terms and your home meets the requirements, we will make you a quick and fair offer for your home in {{_post_city}} within one hour of your initial call and reason for selling your house discussion.","Selling your house with an agent usually has many pitfalls. You will have to keep the place clean at all times and invest money in home repairs to ensure it sells for a good price. There is also the problem of finding a reliable agent who can deliver on the promise to sell your house fast , not to mention the piles of complicated paperwork and processes it involves. Instead of risking uncertainty in the hopes of selling your house for a slightly higher price, you can be certain of exactly how much you will get for your house when you sell to us. With us, you do not have to worry about listing your house, paying agent commissions, long waiting periods, or repair costs. You do not even have to go through the trouble of cleaning your house or multiple showings before selling it.

Simply fill out the Confidential Online Seller form above to discover if your home in {{_post_city}}, Arizona meets the requirements of our Home Purchase Program. Kindly provide us with all the relevant information about your {{_post_city}}, Arizona home as well as your reason for selling your home and we will contact you fast with information on whether your house qualifies. After this, we will make arrangements to come over and inspect your property then make an offer to buy it on the spot.",https://secureservercdn.net/166.62.112.219/t1x.a54.myftpupload.com/wp-content/uploads/2020/09/new-400x200.jpg,At what point should I start considering selling my house to We Buy Homes Near You?,"We Buy Homes Near You is highly recommended for homeowners who need cash for their houses like yesterday. The reasons for this type of urgency vary from case to case, but the most popular reasons include unbearable maintenance costs, overwhelming bills, life emergencies, and issues relating to inherited family homes. Whatever the case, we are more than happy to bail you out.

We Buy Homes Near You is highly recommended for homeowners who need cash for their houses like yesterday. The reasons for this type of urgency vary from case to case, but the most popular reasons include unbearable maintenance costs, overwhelming bills, life emergencies, and issues relating to inherited family homes. Whatever the case, we are more than happy to bail you out.

From that very moment the thought of selling your house comes to mind, contact We Buy Homes Near You right away at 844-924-6950. We buy houses fast!popular reasons include unbearable maintenance costs, overwhelming bills, life emergencies, and issues relating to inherited family homes. Whatever the case, we are more than happy to bail you out.

From that very moment the thought of selling your house comes to mind, contact We Buy Homes Near You right away at 844-924-6950. We buy houses fast!",Reasons You Might Need to Sell Your House Fast in {{_post_city}},"Selling a home can be a huge challenge and take way too much time. Its often considered one of the more stressful things you will ever do in your life. Now imagine having to†sell your house fast!†You may be in this exact situation right now, wondering what your options are. Youre in luckWe Buy Homes Near You is a national home buyer and we buy homes from individuals in {{_post_city}} for many of the reasons listed below:
<ul type=disc>
  <li>You may have been†<a href=http://localhost/bombpad/relocation-property-solution/>offered a†new job (congrats!) but now you need to move quickly</a></li>
  <li>You may be†<a href=http://localhost/bombpad/foreclosure-property-solution/>experiencing financial hardship</a></li>
  <li>You may be going through†an unexpected life upheaval</li>
  <li>You may have received†<a href=http://localhost/bombpad/inherited-property-solution/>an unwanted inheritance home†</a>due to the death of a family member</li>
  <li>You may be†<a href=http://localhost/bombpad/divorce-property-solution/>going through a divorce</a></li>
  <li>You may be a landlord, and†<a href=http://localhost/bombpad/tired-landlord-property-solution/>youre ready to sell your unwanted property or burdensome rental property†</a></li>
  <li>You may be†<a href=http://localhost/bombpad/foreclosure-property-solution/>facing foreclosure</a></li>
  <li>Your house may have†fire or water damage</li>
  <li>You may need to†<a href=https://www.homego.com/blog/risks-of-holding-vacant-house/>get rid of a vacant house</a>†you dont want to worry about</li>
</ul>
And the list goes on. If any of the situations sound familiar, you are in the right place and We Buy Homes Near You may be one of the best ways to sell your house fast in {{_post_city}}. Our local agents have helped thousands of individuals in {{_post_city}} and surrounding areas, like yourself, sell their house fast for cash and move forward with the fresh start they deserve.",Why Isnt My House Selling in {{_post_city}}?,"There were†<a href=https://www.nar.realtor/research-and-statistics/quick-real-estate-statistics>more than five million homes sold in the United States in 2018</a>, so why isnt your house selling? There are many reasons a house may not sell, but a few of the most common include:
<ul type=circle>
  <li><strong>It may be overpriced for the {{_post_city}} market</strong></li>
  <li><strong><a>†</a><a>It needs repairs or updates</a></strong></li>
  <li><strong>It has little to no curb appeal</strong></li>
  <li><strong>Its location is unappealing: busy street,†neighborhood issues</strong></li>
  <li><strong>It has too much competition: too many ÄúbetterÄù homes for sale</strong></li>
  <li><strong>It may not be the best time to sell a house in {{_post_city}}</strong></li>
</ul>
Its a tough market out there especially when you need to sell a house fast for a fair price. Buyers can be deluded by the ÄúperfectÄù homes they see for sale on popular home improvement shows. They want move-in ready, and staged to cater to their ideal of beauty. But this is the real world and not all homes for sale look like what we see on TV. Were real people like you, and we buy housesjust like yours.

It may be overpriced for the {{_post_city}} market
 It needs repairs or updates
It has little to no curb appeal
Its location is unappealing: busy street, neighborhood issues
It has too much competition: too many ?better? homes for sale
It may not be the best time to sell a house in {{_post_city}}
It?s a tough market out there especially when you need to sell a house fast for a fair price. Buyers can be deluded by the ?perfect? homes they see for sale on popular home improvement shows. They want move-in ready, and staged to cater to their ideal of beauty. But this is the real world and not all homes for sale look like what we see on TV. We?re real people like you, and we buy houses?just like yours.",But What About Fees and Extra Costs?,"When you sell your house to We Buy Homes Near You, we are committed to helping you understand our process. Were not going to throw a bunch of numbers at you, change those numbers several times, and then expect you to pay dozens of hidden costs. Forget the stress that accompanies the traditional way of selling your house.

We buy houses quickly and professionally and, since we are industry professionals, you can come to the table knowing that when we make an offer, even on the very first day, we wont lower the price. Sell your house to We Buy Homes Near You and you pay ZERO commission charges and ZERO closing costs Äì even choose a closing date that works for you.",So How DO I Sell My House Fast to We Buy Homes Near You?,"Take advantage of one of the best real estate solutions available today. To sell your house in {{_post_city}} fast, there are 3 easy steps.

Schedule an in-home appointment with one of our local agents.

We make an offer.

We buy your house in {{_post_city}} with cash.

Its that easy! This method of selling your home is much less stressful and requires much fewer steps than the traditional process. You can do this. We buy houses in any condition and were ready to learn about your unique situation.

Isnt it time to talk to a We Buy Homes Near You investor today? Fill out the form today and get one step closer to selling your home within as little as 7 days!",Number of homes for sale in {{_post_city}},http://localhost/bombpad/wp-content/uploads/2020/10/Syo48HaWL6j13XtpoHAv7ZbksLqwZS6s-600x246.jpeg,"6,108","With so much competition in {{_post_city}}, getting your home to stand out often means investing in costly improvements, repairs and staging. The most current and desirable homes in {{_post_city}} go fast while dated homes may take months, and several price cuts, to sell. If youre in hurry and do not want to spend thousands of dollars, We Buy Homes Near You is your best option.",Average days on market in {{_post_city}},https://cdn2.vectorstock.com/i/1000x1000/16/21/babysitters-with-kids-flat-composition-vector-17441621.jpg,100,"Every month your home sits on the market, it loses buyer appeal which results in price cuts. Not to mention, you continue to pay your mortgage, insurance and property tax while you wait. Before you know it, you could be down $5,000 Äì $10,000 from what you originally hoped to walk away with. With We Buy Homes Near You, your home sells on day 1, so you never lose a penny.",Average number of homes in {{_post_city}} with price cuts,https://www.creativelearning.com.sg/wp-content/uploads/2019/05/25042019195924-0001-690x976.jpg,115%,"The more houses for sale in {{_post_city}}, the longer yours may to take to sell. But youre not the only one who worries about a long sale. Listing agents dont want to wait months to be paid, so advising homeowners to lower the price in hopes that it will sell faster is in their best interest. Not yours. With We Buy Homes Near You, our same day offers are firm and never change.",Average home sale price cut in {{_post_city}},https://www.englishdaily626.com/english_compositions/image/A-Meal-at-a.gif,"$47,601 ","To a listing agent, a $47,600 price cut only amounts to a $2,856 commission loss, so its no big deal for them to lower your sale price. But for you, that $47,600 that comes right off of your bottom line. And often, you dont realize how much youre losing until you receive your check at closing. With We Buy Homes Near You, you know exactly how much you will walk away because the offer we make is the amount you receive.",Discover All You Need To Know About The {{_post_city}} Market,"{{_post_city}}, Arizona features a growing economy and an impressive 300 days of sunshine. This established, yet growing city has enjoyed unparalleled growth in the past year. In fact, recent data trends show that the number of days spent on market has consistently dropped throughout 2019 to reach a new year low of 56 days. As the number of days spent on the market has continued to drop, the value of prices has increased. In fact, home values have increased by 4.6 percent in the past year, and are predicted to continue to have steady growth in 2020.

Unfortunately, the growing housing market has not been good news for all homeowners. In 2019 an estimated 7.4 percent of {{_post_city}} homeowners are underwater on their mortgage, while .6 percent suffer from delinquent mortgages. The good news is that if homeowners can wait until August to list their home and November to sell it, then they can enjoy a 3.96 percent increase over yearly averages.","<p>References:</p>
<p><a>&nbsp;</a><a href=https://www.zillow.com/scottsdale-az/>https://www.zillow.com/scottsdale-az/</a></p>
<p><a>&nbsp;</a><a href=https://www.movoto.com/scottsdale-az/market-trends/>https://www.movoto.com/scottsdale-az/market-trends/</a></p>
<p><a>&nbsp;</a><a href=https://www.trulia.com/az/scottsdale/>https://www.trulia.com/az/scottsdale/</a></p>
<p>Redfin</p>",We Buy Houses in Arizona Ä¶,"<ul type=disc>
<li>With a current population of 6,828,065 and growing, its the perfect time to sell your house in&nbsp;Arizona.</li>
<li>Since the beginning of time in 1912, folks have been selling their homes in Arizona</li>
<li>Lawmakers in {{_post_city}}, the capital of Arizona, are always coming up with new laws in congress in order to save you money when selling your home.</li>
<li>Since 1889, {{_post_city}} the capital of Arizona, people have been selling their homes.</li>
<li>Can you believe Arizona is 474900 square miles? Houses for sale galore!</li>
<li>The first step in selling a house is a Purchase Agreement between the Buyer &amp; the Seller. Each state has an Official&nbsp;residential purchase agreement. In order to find the official document for use, visit the Arizona realtor board page.</li>
<li>Fun Fact: {{_post_city}} is the most populated state capital and the only one with over 1 million residents!</li>
<li>Visit the Arizona by following the link,&nbsp;<a href=https://az.gov/>Arizona</a>.</li>
<li>Check out the State Page of&nbsp;<a href=https://www.census.gov/quickfacts/fact/table/az,US/PST045217>Arizona</a>&nbsp;for additional demographic information for Arizona.</li>
</ul>","Sell My House Fast in {{_post_city}}, Arizona","<ul type=disc>
<li>The city of {{_post_city}} is considered to part of Maricopa county.</li>
<li>Visit the {{_post_city}} by following the link,&nbsp;<a href=https://www.{{_post_city}}.gov/>{{_post_city}}</a>.</li>
<li>Check out the City Page of&nbsp;<a href=http://www.city-data.com/city/{{_post_city}}-Arizona.html>{{_post_city}}</a>&nbsp;for additional demographic information for {{_post_city}}.</li>
<li>{{_post_city}} is associated with these zip codes: 85008, 85009, 85003, 85006, 85007, 85004, 85083, 85086, 85087, 85085, 85383, 85304, 85306, 85308, 85020, 85021, 85022, 85023, 85024, 85027, 85028, 85029, 85353, 85013, 85015, 85014, 85254, 85044, 85045, 85042, 85043, 85040, 85041, 85048, 85054, 85037, 85035, 85034, 85033, 85032, 85031, 85019, 85018, 85012, 85017, 85016, 85307, 85310, 85051, 85050, 85053, 85001, 85002, 85005, 85010, 85011, 85025, 85026, 85030, 85036, 85038, 85046, 85060, 85061, 85062, 85063, 85064, 85065, 85066, 85067, 85068, 85069, 85070, 85071, 85072, 85073, 85074, 85075, 85076, 85078, 85079, 85080, 85082, 85098</li>
<li>The coordinates for {{_post_city}} are: 33.5722 latitude and -112.0891 longitude.</li>
<li>We buy in Maricopa, in cities like&nbsp;Avondale,&nbsp;Buckeye,&nbsp;Chandler&nbsp;and their surrounding areas.</li>
</ul>"
Arizona,AB,Snowflake,"Sell your House Without Delay. We operate an Ethical, Honest and Transparent Process.","We Buy Houses Across {{_post_city}}, {{_post_state}} and in All Parts of {{_post_state}}. No Matter the Price Range. You can Receive a No-Obligation, <strong>Cash Offer</strong> from us for your Home Today.","You can avoid the burden of having an unwanted property by letting us buy your house today. We buy houses across {{_post_city}} irrespective of the condition of the house or your situation. Whether you are dealing with divorce, probate on a inherited property, foreclosure, a problematic rental property, or any other problem with your {{_post_city}} property, we can help you out. The thought of selling your house can be intimidating because of the time you will need to invest in the process. Like you, many other homeowners do not have the time to get their house ready to sell on the real estate market.

We specialize in making the process simple for you whether your house is occupied by tenants, requires extensive repairs, or if you need some time before you are ready to move after you sell your house. We will buy your house directly from you and give you as much time as you need to move unlike most buyers who are not flexible and have a particular move-in date.situation. Whether you are dealing with divorce, probate on a inherited property, foreclosure, a problematic rental property, or any other problem with your {{_post_city}} property, we can help you out. The thought of selling your house can be intimidating because of the time you will need to invest in the process. Like you, many other homeowners do not have the time to get their house ready to sell on the real estate market.

We specialize in making the process simple for you whether your house is occupied by tenants, requires extensive repairs, or if you need some time before you are ready to move after you sell your house. We will buy your house directly from you and give you as much time as you need to move unlike most buyers who are not flexible and have a particular move-in date.",http://localhost/bombpad/wp-content/uploads/2020/12/state-pages-main-img-1024x679-16.jpg,"With so many homes for sale in {{_post_city}}, your home could sit for a while",It is important to consider these factors when planning to sell your home.,Your satisfaction from our services is of great importance to us.,"<ul>
  <li>How much time do you have? Do you need to sell your home urgently?</li>
  <li>Are you relocating due to a job transfer or new job?</li>
  <li>Are you moving due to your financial situation, medical condition, or is it school-related?</li>
</ul>","<ul>
  <li>With our company you will never suffer from hidden fees or real estate commissions.</li>
  <li>We can close on your house quickly, sometimes within 7 days.</li>
  <li>You are not required to do any repairs or clean ups whatsoever.</li>
  <li>We are able to offer you the best price and surpass any offer you already have.</li>
  <li>Call us anytime at†(844) 924-6950</li>
</ul>","You dont have to List your Home; We are Ready to Buy your Home in {{_post_city}}, {{_post_state}}, Quickly.",https://secureservercdn.net/166.62.112.219/t1x.a54.myftpupload.com/wp-content/uploads/2020/09/state-pages-main-img-1024x679.jpg,"Unlike real estate agents, our focus is not to list your home. Instead, we are expert home buyers looking to buy homes like yours in Arizona. We buy all kinds of homes in all parts of Arizona no matter the price range. We would like to buy your home whether it is in perfect condition, in bad shape, ugly or whether you own a single-family home, multi-family home, or a condo.

If you are flexible on price terms and your home meets the requirements, we will make you a quick and fair offer for your home in {{_post_city}} within one hour of your initial call and reason for selling your house discussion.","Selling your house with an agent usually has many pitfalls. You will have to keep the place clean at all times and invest money in home repairs to ensure it sells for a good price. There is also the problem of finding a reliable agent who can deliver on the promise to sell your house fast , not to mention the piles of complicated paperwork and processes it involves. Instead of risking uncertainty in the hopes of selling your house for a slightly higher price, you can be certain of exactly how much you will get for your house when you sell to us. With us, you do not have to worry about listing your house, paying agent commissions, long waiting periods, or repair costs. You do not even have to go through the trouble of cleaning your house or multiple showings before selling it.

Simply fill out the Confidential Online Seller form above to discover if your home in {{_post_city}}, Arizona meets the requirements of our Home Purchase Program. Kindly provide us with all the relevant information about your {{_post_city}}, Arizona home as well as your reason for selling your home and we will contact you fast with information on whether your house qualifies. After this, we will make arrangements to come over and inspect your property then make an offer to buy it on the spot.",https://secureservercdn.net/166.62.112.219/t1x.a54.myftpupload.com/wp-content/uploads/2020/09/new-400x200.jpg,At what point should I start considering selling my house to We Buy Homes Near You?,"We Buy Homes Near You is highly recommended for homeowners who need cash for their houses like yesterday. The reasons for this type of urgency vary from case to case, but the most popular reasons include unbearable maintenance costs, overwhelming bills, life emergencies, and issues relating to inherited family homes. Whatever the case, we are more than happy to bail you out.

We Buy Homes Near You is highly recommended for homeowners who need cash for their houses like yesterday. The reasons for this type of urgency vary from case to case, but the most popular reasons include unbearable maintenance costs, overwhelming bills, life emergencies, and issues relating to inherited family homes. Whatever the case, we are more than happy to bail you out.

From that very moment the thought of selling your house comes to mind, contact We Buy Homes Near You right away at 844-924-6950. We buy houses fast!popular reasons include unbearable maintenance costs, overwhelming bills, life emergencies, and issues relating to inherited family homes. Whatever the case, we are more than happy to bail you out.

From that very moment the thought of selling your house comes to mind, contact We Buy Homes Near You right away at 844-924-6950. We buy houses fast!",Reasons You Might Need to Sell Your House Fast in {{_post_city}},"Selling a home can be a huge challenge and take way too much time. Its often considered one of the more stressful things you will ever do in your life. Now imagine having to†sell your house fast!†You may be in this exact situation right now, wondering what your options are. Youre in luckWe Buy Homes Near You is a national home buyer and we buy homes from individuals in {{_post_city}} for many of the reasons listed below:
<ul type=disc>
  <li>You may have been†<a href=http://localhost/bombpad/relocation-property-solution/>offered a†new job (congrats!) but now you need to move quickly</a></li>
  <li>You may be†<a href=http://localhost/bombpad/foreclosure-property-solution/>experiencing financial hardship</a></li>
  <li>You may be going through†an unexpected life upheaval</li>
  <li>You may have received†<a href=http://localhost/bombpad/inherited-property-solution/>an unwanted inheritance home†</a>due to the death of a family member</li>
  <li>You may be†<a href=http://localhost/bombpad/divorce-property-solution/>going through a divorce</a></li>
  <li>You may be a landlord, and†<a href=http://localhost/bombpad/tired-landlord-property-solution/>youre ready to sell your unwanted property or burdensome rental property†</a></li>
  <li>You may be†<a href=http://localhost/bombpad/foreclosure-property-solution/>facing foreclosure</a></li>
  <li>Your house may have†fire or water damage</li>
  <li>You may need to†<a href=https://www.homego.com/blog/risks-of-holding-vacant-house/>get rid of a vacant house</a>†you dont want to worry about</li>
</ul>
And the list goes on. If any of the situations sound familiar, you are in the right place and We Buy Homes Near You may be one of the best ways to sell your house fast in {{_post_city}}. Our local agents have helped thousands of individuals in {{_post_city}} and surrounding areas, like yourself, sell their house fast for cash and move forward with the fresh start they deserve.",Why Isnt My House Selling in {{_post_city}}?,"There were†<a href=https://www.nar.realtor/research-and-statistics/quick-real-estate-statistics>more than five million homes sold in the United States in 2018</a>, so why isnt your house selling? There are many reasons a house may not sell, but a few of the most common include:
<ul type=circle>
  <li><strong>It may be overpriced for the {{_post_city}} market</strong></li>
  <li><strong><a>†</a><a>It needs repairs or updates</a></strong></li>
  <li><strong>It has little to no curb appeal</strong></li>
  <li><strong>Its location is unappealing: busy street,†neighborhood issues</strong></li>
  <li><strong>It has too much competition: too many ÄúbetterÄù homes for sale</strong></li>
  <li><strong>It may not be the best time to sell a house in {{_post_city}}</strong></li>
</ul>
Its a tough market out there especially when you need to sell a house fast for a fair price. Buyers can be deluded by the ÄúperfectÄù homes they see for sale on popular home improvement shows. They want move-in ready, and staged to cater to their ideal of beauty. But this is the real world and not all homes for sale look like what we see on TV. Were real people like you, and we buy housesjust like yours.

It may be overpriced for the {{_post_city}} market
 It needs repairs or updates
It has little to no curb appeal
Its location is unappealing: busy street, neighborhood issues
It has too much competition: too many ?better? homes for sale
It may not be the best time to sell a house in {{_post_city}}
It?s a tough market out there especially when you need to sell a house fast for a fair price. Buyers can be deluded by the ?perfect? homes they see for sale on popular home improvement shows. They want move-in ready, and staged to cater to their ideal of beauty. But this is the real world and not all homes for sale look like what we see on TV. We?re real people like you, and we buy houses?just like yours.",But What About Fees and Extra Costs?,"When you sell your house to We Buy Homes Near You, we are committed to helping you understand our process. Were not going to throw a bunch of numbers at you, change those numbers several times, and then expect you to pay dozens of hidden costs. Forget the stress that accompanies the traditional way of selling your house.

We buy houses quickly and professionally and, since we are industry professionals, you can come to the table knowing that when we make an offer, even on the very first day, we wont lower the price. Sell your house to We Buy Homes Near You and you pay ZERO commission charges and ZERO closing costs Äì even choose a closing date that works for you.",So How DO I Sell My House Fast to We Buy Homes Near You?,"Take advantage of one of the best real estate solutions available today. To sell your house in {{_post_city}} fast, there are 3 easy steps.

Schedule an in-home appointment with one of our local agents.

We make an offer.

We buy your house in {{_post_city}} with cash.

Its that easy! This method of selling your home is much less stressful and requires much fewer steps than the traditional process. You can do this. We buy houses in any condition and were ready to learn about your unique situation.

Isnt it time to talk to a We Buy Homes Near You investor today? Fill out the form today and get one step closer to selling your home within as little as 7 days!",Number of homes for sale in {{_post_city}},http://localhost/bombpad/wp-content/uploads/2020/10/Syo48HaWL6j13XtpoHAv7ZbksLqwZS6s-600x246.jpeg,"6,109","With so much competition in {{_post_city}}, getting your home to stand out often means investing in costly improvements, repairs and staging. The most current and desirable homes in {{_post_city}} go fast while dated homes may take months, and several price cuts, to sell. If youre in hurry and do not want to spend thousands of dollars, We Buy Homes Near You is your best option.",Average days on market in {{_post_city}},https://cdn2.vectorstock.com/i/1000x1000/16/21/babysitters-with-kids-flat-composition-vector-17441621.jpg,100,"Every month your home sits on the market, it loses buyer appeal which results in price cuts. Not to mention, you continue to pay your mortgage, insurance and property tax while you wait. Before you know it, you could be down $5,000 Äì $10,000 from what you originally hoped to walk away with. With We Buy Homes Near You, your home sells on day 1, so you never lose a penny.",Average number of homes in {{_post_city}} with price cuts,https://www.creativelearning.com.sg/wp-content/uploads/2019/05/25042019195924-0001-690x976.jpg,215%,"The more houses for sale in {{_post_city}}, the longer yours may to take to sell. But youre not the only one who worries about a long sale. Listing agents dont want to wait months to be paid, so advising homeowners to lower the price in hopes that it will sell faster is in their best interest. Not yours. With We Buy Homes Near You, our same day offers are firm and never change.",Average home sale price cut in {{_post_city}},https://www.englishdaily626.com/english_compositions/image/A-Meal-at-a.gif,"$47,602 ","To a listing agent, a $47,600 price cut only amounts to a $2,856 commission loss, so its no big deal for them to lower your sale price. But for you, that $47,600 that comes right off of your bottom line. And often, you dont realize how much youre losing until you receive your check at closing. With We Buy Homes Near You, you know exactly how much you will walk away because the offer we make is the amount you receive.",Discover All You Need To Know About The {{_post_city}} Market,"{{_post_city}}, Arizona features a growing economy and an impressive 300 days of sunshine. This established, yet growing city has enjoyed unparalleled growth in the past year. In fact, recent data trends show that the number of days spent on market has consistently dropped throughout 2019 to reach a new year low of 56 days. As the number of days spent on the market has continued to drop, the value of prices has increased. In fact, home values have increased by 4.6 percent in the past year, and are predicted to continue to have steady growth in 2020.

Unfortunately, the growing housing market has not been good news for all homeowners. In 2019 an estimated 7.4 percent of {{_post_city}} homeowners are underwater on their mortgage, while .6 percent suffer from delinquent mortgages. The good news is that if homeowners can wait until August to list their home and November to sell it, then they can enjoy a 3.96 percent increase over yearly averages.","<p>References:</p>
<p><a>&nbsp;</a><a href=https://www.zillow.com/scottsdale-az/>https://www.zillow.com/scottsdale-az/</a></p>
<p><a>&nbsp;</a><a href=https://www.movoto.com/scottsdale-az/market-trends/>https://www.movoto.com/scottsdale-az/market-trends/</a></p>
<p><a>&nbsp;</a><a href=https://www.trulia.com/az/scottsdale/>https://www.trulia.com/az/scottsdale/</a></p>
<p>Redfin</p>",We Buy Houses in Arizona Ä¶,"<ul type=disc>
<li>With a current population of 6,828,065 and growing, its the perfect time to sell your house in&nbsp;Arizona.</li>
<li>Since the beginning of time in 1912, folks have been selling their homes in Arizona</li>
<li>Lawmakers in {{_post_city}}, the capital of Arizona, are always coming up with new laws in congress in order to save you money when selling your home.</li>
<li>Since 1889, {{_post_city}} the capital of Arizona, people have been selling their homes.</li>
<li>Can you believe Arizona is 474900 square miles? Houses for sale galore!</li>
<li>The first step in selling a house is a Purchase Agreement between the Buyer &amp; the Seller. Each state has an Official&nbsp;residential purchase agreement. In order to find the official document for use, visit the Arizona realtor board page.</li>
<li>Fun Fact: {{_post_city}} is the most populated state capital and the only one with over 1 million residents!</li>
<li>Visit the Arizona by following the link,&nbsp;<a href=https://az.gov/>Arizona</a>.</li>
<li>Check out the State Page of&nbsp;<a href=https://www.census.gov/quickfacts/fact/table/az,US/PST045217>Arizona</a>&nbsp;for additional demographic information for Arizona.</li>
</ul>","Sell My House Fast in {{_post_city}}, Arizona","<ul type=disc>
<li>The city of {{_post_city}} is considered to part of Maricopa county.</li>
<li>Visit the {{_post_city}} by following the link,&nbsp;<a href=https://www.{{_post_city}}.gov/>{{_post_city}}</a>.</li>
<li>Check out the City Page of&nbsp;<a href=http://www.city-data.com/city/{{_post_city}}-Arizona.html>{{_post_city}}</a>&nbsp;for additional demographic information for {{_post_city}}.</li>
<li>{{_post_city}} is associated with these zip codes: 85008, 85009, 85003, 85006, 85007, 85004, 85083, 85086, 85087, 85085, 85383, 85304, 85306, 85308, 85020, 85021, 85022, 85023, 85024, 85027, 85028, 85029, 85353, 85013, 85015, 85014, 85254, 85044, 85045, 85042, 85043, 85040, 85041, 85048, 85054, 85037, 85035, 85034, 85033, 85032, 85031, 85019, 85018, 85012, 85017, 85016, 85307, 85310, 85051, 85050, 85053, 85001, 85002, 85005, 85010, 85011, 85025, 85026, 85030, 85036, 85038, 85046, 85060, 85061, 85062, 85063, 85064, 85065, 85066, 85067, 85068, 85069, 85070, 85071, 85072, 85073, 85074, 85075, 85076, 85078, 85079, 85080, 85082, 85098</li>
<li>The coordinates for {{_post_city}} are: 33.5722 latitude and -112.0891 longitude.</li>
<li>We buy in Maricopa, in cities like&nbsp;Avondale,&nbsp;Buckeye,&nbsp;Chandler&nbsp;and their surrounding areas.</li>
</ul>"
